{
    "transform": [
        [
            1.0,
            0.0,
            0.0,
            1.7307692766189575
        ],
        [
            0.0,
            1.0,
            0.0,
            1.1294184923171997
        ],
        [
            0.0,
            0.0,
            1.0,
            0.0
        ]
    ],
    "scale": 0.21398955578090118
}